[
  {
    "link": "https://docs.google.com/forms/d/e/1FAIpQLSfwbzjCxFTm1_rVIG3h-UNDq4I4sKIs2_xQoFE93h_y8uxjaw/viewform?usp=dialog",
    "imgSrc": "https://games.above.gay/!img/appreq.png",
    "title": "! Request an App"
  },
  {
    "link": "https://yewtu.be",
    "imgSrc": "assets/youtube.png",
    "title": "YouTube"
  },
  {
    "link": "https://twitch.tv",
    "imgSrc": "assets/twitch.png",
    "title": "Twitch"
  },
  {
    "link": "https://e.widgetbot.io/channels/1341303023107837982/1341442897567813702",
    "imgSrc": "assets/discord.png",
    "title": "Discord"
  },
  {
    "link": "https://x.com",
    "imgSrc": "assets/twitter.png",
    "title": "Twitter"
  },
  {
    "link": "https://instagram.com",
    "imgSrc": "assets/instagram.png",
    "title": "Instagram"
  },
  {
    "link": "https://redlib.perennialte.ch",
    "imgSrc": "assets/reddit.png",
    "title": "Reddit"
  },
  {
    "link": "https://tiktok.com",
    "imgSrc": "assets/tiktok.png",
    "title": "TikTok"
  },
  {
    "link": "https://pinterest.com",
    "imgSrc": "assets/pinterest.png",
    "title": "Pinterest"
  },
  {
    "link": "https://github.com",
    "imgSrc": "assets/github.png",
    "title": "GitHub"
  },
  {
    "link": "https://extprint3r.github.io",
    "imgSrc": "assets/extprint3r.png",
    "title": "ExtPrint3r"
  },
  {
    "link": "https://ext-remover.net",
    "imgSrc": "assets/extremover.png",
    "title": "ext remover"
  },
  {
    "link": "https:/duckduckgo.com",
    "imgSrc": "assets/duckduckgo.png",
    "title": "DuckDuckGo"
  },
  {
    "link": "https://klearsky.pages.dev/#/home",
    "imgSrc": "assets/bsky.png",
    "title": "Bluesky"
  },
  {
    "link": "https://spotify.com",
    "imgSrc": "assets/spotify.png",
    "title": "Spotify"
  },
  {
    "link": "https://character.ai",
    "imgSrc": "assets/cai.png",
    "title": "character.ai"
  },
  {
    "link": "https://play.geforcenow.com/mall",
    "imgSrc": "assets/geforce.png",
    "title": "NVIDIA GeForce Now"
  },
  {
    "link": "https://www.xbox.com/en-US/play",
    "imgSrc": "assets/xbox.png",
    "title": "XBOX Cloud Gaming"
  },
  {
    "link": "https://luna.amazon.com/home",
    "imgSrc": "assets/luna.png",
    "title": "Amazon Luna"
  },
  {
    "link": "https://moviemaze.cc",
    "imgSrc": "assets/netflix.png",
    "title": "Netflix"
  },
  {
    "link": "https://blooketbot.me",
    "imgSrc": "assets/blooket.png",
    "title": "Blooket Hacks"
  },
  {
    "link": "https://9animetv.to",
    "imgSrc": "assets/9anime.png",
    "title": "9Anime"
  },
  {
    "link": "https://www.coolmathgames.com",
    "imgSrc": "assets/coolmath.png",
    "title": "Coolmath Games"
  },
  {
    "link": "https://soundcloud.com/discover",
    "imgSrc": "assets/soundcloud.png",
    "title": "SoundCloud"
  },
  {
    "link": "https://vm.frogiee1.com",
    "imgSrc": "assets/vm.png",
    "title": "Virtual Machine"
  },
  {
    "link": "https://cobalt.tools",
    "imgSrc": "assets/cobalt.png",
    "title": "cobalt tools"
  },
  {
    "link": "https://www.crazygames.com",
    "imgSrc": "assets/crazygames.png",
    "title": "Crazy Games"
  },
  {
    "link": "https://www.easyfun.gg",
    "imgSrc": "assets/easyfun.png",
    "title": "Easyfun.gg"
  },
  {
    "link": "https://turbowarp.org",
    "imgSrc": "assets/turbowarp.png",
    "title": "TurboWarp"
  },
  {
    "link": "https://kahoot.club",
    "imgSrc": "assets/kahoot.png",
    "title": "Kahoot Hacks"
  },
  {
    "link": "https://vscode.dev",
    "imgSrc": "assets/vscode.png",
    "title": "Visual Studio Code"
  },
  {
    "link": "https://ai.usewaves.site",
    "imgSrc": "assets/chatgpt.png",
    "title": "ChatGPT"
  },
  {
    "link": "https://store.steampowered.com",
    "imgSrc": "assets/steam.png",
    "title": "Steam"
  },
  {
    "link": "https://win11.blueedge.me",
    "imgSrc": "assets/win11.png",
    "title": "Windows 11"
  }
]
