[
  {
    "link": "embed.html#https://docs.google.com/forms/d/e/1FAIpQLSdp3v3O6aCbG3Rt6PSZIw-JKG-5WhQrQVATghwemyZ5wEMupQ/viewform?usp=dialog",
    "imgSrc": "https://games.above.gay/!img/gamereq.png",
    "title": "! Request a Game"
  },
  {
    "link": "https://games.above.gay/1v1space/index.html",
    "imgSrc": "https://games.above.gay/1v1space/splash.png",
    "title": "1v1.space"
  },
  {
    "link": "https://games.above.gay/2048/index.html",
    "imgSrc": "https://games.above.gay/2048/thumb.png",
    "title": "2048"
  },
  {
    "link": "https://games.above.gay/achievementunlocked/index.html",
    "imgSrc": "https://games.above.gay/achievementunlocked/achievementunlocked.png",
    "title": "Achievement Unlocked"
  },
  {
    "link": "https://games.above.gay/adrenalinechallenge/index.html",
    "imgSrc": "https://games.above.gay/adrenalinechallenge/adrenalinechallenge.jpg",
    "title": "Adrenaline Challenge"
  },
  {
    "link": "https://games.above.gay/among-us/index.html",
    "imgSrc": "https://games.above.gay/among-us/red.png",
    "title": "Among Us"
  },
  {
    "link": "https://games.above.gay/avalanche/index.html",
    "imgSrc": "https://games.above.gay/avalanche/avalanche.png",
    "title": "Avalanche"
  },
  {
    "link": "https://games.above.gay/backrooms/index.html",
    "imgSrc": "https://games.above.gay/backrooms/img/splash.jpg",
    "title": "Backrooms"
  },
  {
    "link": "https://games.above.gay/basketball-stars/index.html",
    "imgSrc": "https://games.above.gay/basketball-stars/assets/images/basketball-stars.png",
    "title": "Basketball Stars"
  },
  {
    "link": "https://games.above.gay/battleforgondor/index.html",
    "imgSrc": "https://games.above.gay/battleforgondor/3557.jpg",
    "title": "Battle for Gondor"
  },
  {
    "link": "https://games.above.gay/bigredbutton/index.html",
    "imgSrc": "https://games.above.gay/bigredbutton/bigredbutton.png",
    "title": "Big Red Button"
  },
  {
    "link": "https://games.above.gay/blackknight/index.html",
    "imgSrc": "https://games.above.gay/blackknight/blackknight.png",
    "title": "Black Knight"
  },
  {
    "link": "https://games.above.gay/bloonstd/index.html",
    "imgSrc": "https://games.above.gay/bloonstd/bloonstd.jpg",
    "title": "Bloons TD"
  },
  {
    "link": "https://games.above.gay/bloonstd2/index.html",
    "imgSrc": "https://games.above.gay/bloonstd2/bloonstd2.png",
    "title": "Bloons TD 2"
  },
  {
    "link": "https://games.above.gay/bloxors/index.html",
    "imgSrc": "https://games.above.gay/bloxors/block.png",
    "title": "Bloxors"
  },
  {
    "link": "https://games.above.gay/boxhead2play/index.html",
    "imgSrc": "https://games.above.gay/boxhead2play/boxhead2play.jpg",
    "title": "Box Head"
  },
  {
    "link": "https://games.above.gay/breakingthebank/index.html",
    "imgSrc": "https://games.above.gay/breakingthebank/breakingthebank.png",
    "title": "Breaking the Bank"
  },
  {
    "link": "https://games.above.gay/btts/index.html",
    "imgSrc": "https://games.above.gay/btts/images.png",
    "title": "Big Tower Tiny Square"
  },
  {
    "link": "https://games.above.gay/cannon-basketball-4/index.html",
    "imgSrc": "https://games.above.gay/cannon-basketball-4/img/splash.png",
    "title": "Cannon Basketball 4"
  },
  {
    "link": "https://games.above.gay/canyondefense/index.html",
    "imgSrc": "https://games.above.gay/canyondefense/canyondefense.png",
    "title": "Canyon Defense"
  },
  {
    "link": "https://games.above.gay/cell-machine/index.html",
    "imgSrc": "https://games.above.gay/cell-machine/img/te9nDu.png",
    "title": "Cell Machine"
  },
  {
    "link": "https://games.above.gay/championarcher/index.html",
    "imgSrc": "https://games.above.gay/championarcher/championarcher.png",
    "title": "Champion Archer"
  },
  {
    "link": "https://games.above.gay/chrome-dino/index.html",
    "imgSrc": "https://games.above.gay/chrome-dino/icons/icon-256.png",
    "title": "Chrome Dino"
  },
  {
    "link": "https://games.above.gay/circlo/index.html",
    "imgSrc": "https://games.above.gay/circlo/img/download.png",
    "title": "circlO"
  },
  {
    "link": "https://games.above.gay/connect3/index.html",
    "imgSrc": "https://games.above.gay/connect3/connect3.png",
    "title": "Connect 3"
  },
  {
    "link": "https://games.above.gay/cookie-clicker/index.html",
    "imgSrc": "https://games.above.gay/cookie-clicker/cookie1.jpeg",
    "title": "Cookie Clicker"
  },
  {
    "link": "https://games.above.gay/craftmine/index.html",
    "imgSrc": "https://games.above.gay/craftmine/images/craftmine.png",
    "title": "CraftMine"
  },
  {
    "link": "https://games.above.gay/creativekillchamber/index.html",
    "imgSrc": "https://games.above.gay/creativekillchamber/creativekillchamber.jpg",
    "title": "Creative Kill Chamber"
  },
  {
    "link": "https://games.above.gay/csgo-clicker/index.html",
    "imgSrc": "https://games.above.gay/csgo-clicker/images/vanguard.png",
    "title": "CS:GO Clicker"
  },
  {
    "link": "https://games.above.gay/ctr/index.html",
    "imgSrc": "https://games.above.gay/ctr/logo.png",
    "title": "Cut the Rope"
  },
  {
    "link": "https://games.above.gay/ctr-holiday/index.html",
    "imgSrc": "https://games.above.gay/ctr-holiday/Holiday_Gift.webp",
    "title": "Cut the Rope Holiday"
  },
  {
    "link": "https://games.above.gay/ctr-tr/index.html",
    "imgSrc": "https://games.above.gay/ctr-tr/logo.png",
    "title": "Cut the Rope Time Travel"
  },
  {
    "link": "https://games.above.gay/cubefield/index.html",
    "imgSrc": "https://games.above.gay/cubefield/cubefield.jpg",
    "title": "Cubefield"
  },
  {
    "link": "https://games.above.gay/cupcake2048/index.html",
    "imgSrc": "https://games.above.gay/cupcake2048/favicon.png",
    "title": "Cupcake 2048"
  },
  {
    "link": "https://games.above.gay/deal-or-no-deal/index.html",
    "imgSrc": "https://games.above.gay/deal-or-no-deal/index.jpg",
    "title": "Deal or No Deal"
  },
  {
    "link": "https://games.above.gay/death-run-3d/index.html",
    "imgSrc": "https://games.above.gay/death-run-3d/img/death.png",
    "title": "Death Run 3D"
  },
  {
    "link": "https://games.above.gay/defend-the-tank/index.html",
    "imgSrc": "https://games.above.gay/defend-the-tank/images/splash.jpg",
    "title": "Defend the Tank"
  },
  {
    "link": "https://games.above.gay/doge2048/index.html",
    "imgSrc": "https://games.above.gay/doge2048/meta/apple-touch-icon.png",
    "title": "Doge 2048"
  },
  {
    "link": "https://games.above.gay/DogeMiner/index.html",
    "imgSrc": "https://games.above.gay/DogeMiner/img/dogeminer_300x300.png",
    "title": "Doge Miner"
  },
  {
    "link": "https://games.above.gay/doodle-jump/index.html",
    "imgSrc": "https://games.above.gay/doodle-jump/doodle.png",
    "title": "Doodle Jump"
  },
  {
    "link": "https://games.above.gay/doublewires/index.html",
    "imgSrc": "https://games.above.gay/doublewires/doublewires.png",
    "title": "Double Wires"
  },
  {
    "link": "https://games.above.gay/draw-the-hill/index.html",
    "imgSrc": "https://games.above.gay/draw-the-hill/icons/icon-512.png",
    "title": "Draw the Hill"
  },
  {
    "link": "https://games.above.gay/ducklife1/index.html",
    "imgSrc": "https://games.above.gay/ducklife1/ducklife.png",
    "title": "Duck Life"
  },
  {
    "link": "https://games.above.gay/ducklife2/index.html",
    "imgSrc": "https://games.above.gay/ducklife2/ducklife2.png",
    "title": "Duck Life 2"
  },
  {
    "link": "https://games.above.gay/ducklife3/index.html",
    "imgSrc": "https://games.above.gay/ducklife3/duck.png",
    "title": "Duck Life 3"
  },
  {
    "link": "https://games.above.gay/edgenotfound/index.html",
    "imgSrc": "https://games.above.gay/edgenotfound/edge.png",
    "title": "Edge Not Found"
  },
  {
    "link": "https://games.above.gay/elasticman/index.html",
    "imgSrc": "https://games.above.gay/elasticman/elasticman.jpg",
    "title": "Elastic Man"
  },
  {
    "link": "https://games.above.gay/endlesswar3/index.html",
    "imgSrc": "https://games.above.gay/endlesswar3/endlesswar3.png",
    "title": "Endless War 3"
  },
  {
    "link": "https://games.above.gay/evil-glitch/index.html",
    "imgSrc": "https://games.above.gay/evil-glitch/evil.png",
    "title": "Evil Glitch"
  },
  {
    "link": "https://games.above.gay/exo/index.html",
    "imgSrc": "https://games.above.gay/exo/img/small.jpg",
    "title": "Exo"
  },
  {
    "link": "https://games.above.gay/factoryballs/index.html",
    "imgSrc": "https://games.above.gay/factoryballs/images/splash.png",
    "title": "Factory Balls Forever"
  },
  {
    "link": "https://games.above.gay/fake-virus/icon.png",
    "imgSrc": "https://games.above.gay/fake-virus/icon.png",
    "title": "Fake Virus"
  },
  {
    "link": "https://games.above.gay/flappy-2048/index.html",
    "imgSrc": "https://games.above.gay/flappy-2048/meta/apple-touch-icon.png",
    "title": "Flappy 2048"
  },
  {
    "link": "https://games.above.gay/flappy-bird/index.html",
    "imgSrc": "https://games.above.gay/flappy-bird/assets/thumb.png",
    "title": "Flappy Bird"
  },
  {
    "link": "https://games.above.gay/flashtetris/index.html",
    "imgSrc": "https://games.above.gay/flashtetris/flashtetris.png",
    "title": "Flash Tetris"
  },
  {
    "link": "https://games.above.gay/game-inside/index.html",
    "imgSrc": "https://games.above.gay/game-inside/img/display.png",
    "title": "Game Inside a Game Inside a Game..."
  },
  {
    "link": "https://games.above.gay/geodash/index.html",
    "imgSrc": "https://games.above.gay/geodash/geoscratchicon.png",
    "title": "Geometry Dash (Scratch)"
  },
  {
    "link": "https://games.above.gay/getaway-shootout/index.html",
    "imgSrc": "https://games.above.gay/getaway-shootout/img/images.jpg",
    "title": "Getaway Shootout"
  },
  {
    "link": "https://games.above.gay/gimme-the-airpod/index.html",
    "imgSrc": "https://games.above.gay/gimme-the-airpod/img/logo.png",
    "title": "Gimme the Airpod"
  },
  {
    "link": "https://games.above.gay/glass-city/index.html",
    "imgSrc": "https://games.above.gay/glass-city/image.png",
    "title": "Glass City"
  },
  {
    "link": "https://games.above.gay/google-snake/index.html",
    "imgSrc": "https://games.above.gay/google-snake/img/snake.png",
    "title": "Google Snake"
  },
  {
    "link": "https://games.above.gay/grindcraft/index.html",
    "imgSrc": "https://games.above.gay/grindcraft/img/splash.png",
    "title": "Grind Craft"
  },
  {
    "link": "https://games.above.gay/hackertype/index.html",
    "imgSrc": "https://games.above.gay/hackertype/logo192.png",
    "title": "Hacker Typer"
  },
  {
    "link": "https://games.above.gay/hba/index.html",
    "imgSrc": "https://games.above.gay/hba/hoverbotarena.jpg",
    "title": "Hover Bot Arena"
  },
  {
    "link": "https://games.above.gay/helicopter/index.html",
    "imgSrc": "https://games.above.gay/helicopter/helicopter.png",
    "title": "Helicopter"
  },
  {
    "link": "https://games.above.gay/hexempire/index.html",
    "imgSrc": "https://games.above.gay/hexempire/hexempire.jpg",
    "title": "Hex Empire"
  },
  {
    "link": "https://games.above.gay/HexGL/index.html",
    "imgSrc": "https://games.above.gay/HexGL/icon_256.png",
    "title": "HexGL"
  },
  {
    "link": "https://games.above.gay/hextris/index.html",
    "imgSrc": "https://games.above.gay/hextris/images/hextris-logo.png",
    "title": "Hextris"
  },
  {
    "link": "https://games.above.gay/idle-breakout/index.html",
    "imgSrc": "https://games.above.gay/idle-breakout/img/thumbnail.png",
    "title": "Idle Breakout"
  },
  {
    "link": "https://games.above.gay/idle-shark/index.html",
    "imgSrc": "https://games.above.gay/idle-shark/img/sharkgame.png",
    "title": "Idle Shark"
  },
  {
    "link": "https://games.above.gay/impossiblequiz/index.html",
    "imgSrc": "https://games.above.gay/impossiblequiz/impossiblequiz.png",
    "title": "Impossible Quiz"
  },
  {
    "link": "https://games.above.gay/interactivebuddy/index.html",
    "imgSrc": "https://games.above.gay/interactivebuddy/interactivebuddy.jpg",
    "title": "Interactive Buddy"
  },
  {
    "link": "https://games.above.gay/just-one-boss/index.html",
    "imgSrc": "https://games.above.gay/just-one-boss/pv1Gr5.png",
    "title": "Just One Boss"
  },
  {
    "link": "https://games.above.gay/kittencannon/index.html",
    "imgSrc": "https://games.above.gay/kittencannon/kittencannon.png",
    "title": "Kitten Cannon"
  },
  {
    "link": "https://games.above.gay/krunker/index.html",
    "imgSrc": "https://games.above.gay/krunker/img/krunker-io.jpg",
    "title": "Krunker"
  },
  {
    "link": "https://games.above.gay/learntofly/index.html",
    "imgSrc": "https://games.above.gay/learntofly/learntofly.png",
    "title": "Learn To Fly"
  },
  {
    "link": "https://games.above.gay/mario/index.html",
    "imgSrc": "https://games.above.gay/mario/Theme/Mario.gif",
    "title": "Mario"
  },
  {
    "link": "https://games.above.gay/matrixrampage/index.html",
    "imgSrc": "https://games.above.gay/matrixrampage/matrixrampage.jpg",
    "title": "Matrix Rampage"
  },
  {
    "link": "https://games.above.gay/meme2048/index.html",
    "imgSrc": "https://games.above.gay/meme2048/img/rickroll.gif",
    "title": "Meme 2048"
  },
  {
    "link": "embed.html#https://eaglercraft.com/mc/1.12.2/",
    "imgSrc": "https://games.above.gay/minecraft/eagler.png",
    "title": "Eaglercraft"
  },
  {
    "link": "https://games.above.gay/minecraft-classic/index.html",
    "imgSrc": "https://games.above.gay/minecraft-classic/pack.png",
    "title": "Minecraft Classic"
  },
  {
    "link": "https://games.above.gay/minesweeper/index.html",
    "imgSrc": "https://games.above.gay/minesweeper/img/minesweeper.png",
    "title": "Minesweeper"
  },
  {
    "link": "https://games.above.gay/miniputt/index.html",
    "imgSrc": "https://games.above.gay/miniputt/miniputt.png",
    "title": "Mini-putt"
  },
  {
    "link": "https://games.above.gay/missiles/index.html",
    "imgSrc": "https://games.above.gay/missiles/miss.png",
    "title": "Missiles"
  },
  {
    "link": "https://games.above.gay/motox3m/index.html",
    "imgSrc": "https://games.above.gay/motox3m/splash.jpg",
    "title": "MotoX3M"
  },
  {
    "link": "https://games.above.gay/motox3m-pool/index.html",
    "imgSrc": "https://games.above.gay/motox3m-pool/splash.jpg",
    "title": "MotoX3M Pool"
  },
  {
    "link": "https://games.above.gay/motox3m-spooky/index.html",
    "imgSrc": "https://games.above.gay/motox3m-spooky/splash.jpeg",
    "title": "MotoX3M Spooky"
  },
  {
    "link": "https://games.above.gay/motox3m-winter/index.html",
    "imgSrc": "https://games.above.gay/motox3m-winter/download.jpeg",
    "title": "MotoX3M Winter"
  },
  {
    "link": "https://games.above.gay/n-gon/index.html",
    "imgSrc": "https://games.above.gay/n-gon/bot.png",
    "title": "n-gon"
  },
  {
    "link": "https://games.above.gay/ns-shaft/index.html",
    "imgSrc": "https://games.above.gay/ns-shaft/favicon.png",
    "title": "NS-Shaft"
  },
  {
    "link": "https://games.above.gay/om-bounce/index.html",
    "imgSrc": "https://games.above.gay/om-bounce/assets/icon.jpeg",
    "title": "Om Nom Bounce"
  },
  {
    "link": "https://games.above.gay/pandemic2/index.html",
    "imgSrc": "https://games.above.gay/pandemic2/pandemic2.png",
    "title": "Pandemic 2"
  },
  {
    "link": "https://games.above.gay/papaspizzaria/index.html",
    "imgSrc": "https://games.above.gay/papaspizzaria/papaspizzaria.jpg",
    "title": "Papa's Pizzaria"
  },
  {
    "link": "https://games.above.gay/paperio2/index.html",
    "imgSrc": "https://games.above.gay/paperio2/images/icon512.png",
    "title": "Paper.io 2"
  },
  {
    "link": "https://games.above.gay/papery-planes/index.html",
    "imgSrc": "https://games.above.gay/papery-planes/splash.jpg",
    "title": "Papery Planes"
  },
  {
    "link": "https://games.above.gay/particle-clicker/index.html",
    "imgSrc": "https://games.above.gay/particle-clicker/assets/mobile/original.png",
    "title": "Particle Clicker"
  },
  {
    "link": "https://games.above.gay/polybranch/index.html",
    "imgSrc": "https://games.above.gay/polybranch/img/pic1.png",
    "title": "PolyBranch"
  },
  {
    "link": "https://games.above.gay/portalflash/index.html",
    "imgSrc": "https://games.above.gay/portalflash/portaltheflashversion.jpg",
    "title": "Portal (Flash)"
  },
  {
    "link": "https://games.above.gay/precision-client/index.html",
    "imgSrc": "https://games.above.gay/precision-client/logo.png",
    "title": "Precision Client (Eaglercraft)"
  },
  {
    "link": "https://games.above.gay/push-the-square/index.html",
    "imgSrc": "https://games.above.gay/push-the-square/img/splash.png",
    "title": "Push The Square"
  },
  {
    "link": "https://games.above.gay/push-your-luck/index.html",
    "imgSrc": "https://games.above.gay/push-your-luck/assets/img/push.png",
    "title": "Push Your Luck"
  },
  {
    "link": "https://games.above.gay/retro-bowl/index.html",
    "imgSrc": "https://games.above.gay/retro-bowl/img/icon.jpg",
    "title": "Retro Bowl"
  },
  {
    "link": "https://games.above.gay/rolly-vortex/index.html",
    "imgSrc": "https://games.above.gay/rolly-vortex/icon-256.png",
    "title": "Rolly Vortex"
  },
  {
    "link": "https://games.above.gay/rooftop-snipers/index.html",
    "imgSrc": "https://games.above.gay/rooftop-snipers/img/preview.png",
    "title": "Rooftop Snipers"
  },
  {
    "link": "https://games.above.gay/sand-game/index.html",
    "imgSrc": "https://games.above.gay/sand-game/sand.png",
    "title": "Sand Game"
  },
  {
    "link": "https://games.above.gay/slope/index.html",
    "imgSrc": "https://games.above.gay/slope/slope4.jpeg",
    "title": "Slope"
  },
  {
    "link": "https://games.above.gay/sm64/index.html",
    "imgSrc": "https://games.above.gay/sm64/logo.png",
    "title": "Super Mario 64"
  },
  {
    "link": "https://games.above.gay/smashkarts/index.html",
    "imgSrc": "https://games.above.gay/smashkarts/images/icon-512.png",
    "title": "Smash Carts"
  },
  {
    "link": "https://games.above.gay/smokingbarrels/index.html",
    "imgSrc": "https://games.above.gay/smokingbarrels/smokingbarrels.jpg",
    "title": "Smoking Barrels"
  },
  {
    "link": "https://games.above.gay/snowbattle/index.html",
    "imgSrc": "https://games.above.gay/snowbattle/img/logo.png",
    "title": "Snowbattle"
  },
  {
    "link": "https://games.above.gay/soldier-legend/index.html",
    "imgSrc": "https://games.above.gay/soldier-legend/images/splash.jpeg",
    "title": "Soilder Legend"
  },
  {
    "link": "https://games.above.gay/solitaire/index.html",
    "imgSrc": "https://games.above.gay/solitaire/screen-shot.png",
    "title": "Solitare"
  },
  {
    "link": "https://games.above.gay/sort-the-court/index.html",
    "imgSrc": "https://games.above.gay/sort-the-court/img/splash.png",
    "title": "Sort The Court"
  },
  {
    "link": "https://games.above.gay/soundboard/index.html",
    "imgSrc": "https://games.above.gay/soundboard/img/mlg-favicon.png",
    "title": "Soundboard"
  },
  {
    "link": "https://games.above.gay/stack/index.html",
    "imgSrc": "https://games.above.gay/stack/stack.png",
    "title": "Stack"
  },
  {
    "link": "https://games.above.gay/stack-bump-3d/index.html",
    "imgSrc": "https://games.above.gay/stack-bump-3d/thumbnail.jpg",
    "title": "Stack Bump 3D"
  },
  {
    "link": "https://games.above.gay/stealingthediamond/index.html",
    "imgSrc": "https://games.above.gay/stealingthediamond/stealingthediamond.jpg",
    "title": "Stealing The Diamond"
  },
  {
    "link": "https://games.above.gay/stickwar/index.html",
    "imgSrc": "https://games.above.gay/stickwar/stickwar.jpg",
    "title": "Stick War"
  },
  {
    "link": "https://games.above.gay/stormthehouse2/index.html",
    "imgSrc": "https://games.above.gay/stormthehouse2/stormthehouse2.jpg",
    "title": "Storm The House 2"
  },
  {
    "link": "https://games.above.gay/superhot/index.html",
    "imgSrc": "https://games.above.gay/superhot/hot.jpg",
    "title": "Superhot"
  },
  {
    "link": "https://games.above.gay/swerve/index.html",
    "imgSrc": "https://games.above.gay/swerve/img/favicon.jpg",
    "title": "Swerve"
  },
  {
    "link": "https://games.above.gay/tacticalassasin2/index.html",
    "imgSrc": "https://games.above.gay/tacticalassasin2/tacticalassassin2.png",
    "title": "Tactical Assassin 2"
  },
  {
    "link": "https://games.above.gay/tank-trouble-2/index.html",
    "imgSrc": "https://games.above.gay/tank-trouble-2/tank.jpeg",
    "title": "Tank Trouble 2"
  },
  {
    "link": "https://games.above.gay/tanuki-sunset/index.html",
    "imgSrc": "https://games.above.gay/tanuki-sunset/img/cover.png",
    "title": "Tanuki Sunset"
  },
  {
    "link": "https://games.above.gay/temple-run-2/index.html",
    "imgSrc": "https://games.above.gay/temple-run-2/img/og-icon.png",
    "title": "Temple Run 2"
  },
  {
    "link": "https://games.above.gay/thebattle/index.html",
    "imgSrc": "https://games.above.gay/thebattle/thebattle.png",
    "title": "The Battle"
  },
  {
    "link": "https://games.above.gay/the-final-earth/index.html",
    "imgSrc": "https://games.above.gay/the-final-earth/images.png",
    "title": "The Final Earth"
  },
  {
    "link": "https://games.above.gay/theheist/index.html",
    "imgSrc": "https://games.above.gay/theheist/theheist.jpg",
    "title": "The Heist"
  },
  {
    "link": "https://games.above.gay/there-is-no-game/index.html",
    "imgSrc": "https://games.above.gay/there-is-no-game/logo.png",
    "title": "There Is No Game"
  },
  {
    "link": "https://games.above.gay/thisistheonlylevel/index.html",
    "imgSrc": "https://games.above.gay/thisistheonlylevel/thisistheonlylevel.png",
    "title": "This Is The Only Level"
  },
  {
    "link": "https://games.above.gay/tosstheturtle/index.html",
    "imgSrc": "https://games.above.gay/tosstheturtle/tosstheturtle.png",
    "title": "Toss The Turtle"
  },
  {
    "link": "https://games.above.gay/tube-jumpers/index.html",
    "imgSrc": "https://games.above.gay/tube-jumpers/img/shark.jpg",
    "title": "Tube Jumpers"
  },
  {
    "link": "https://games.above.gay/tunnel-rush/index.html",
    "imgSrc": "https://games.above.gay/tunnel-rush/img/tunnel.jpg",
    "title": "Tunnel Rush"
  },
  {
    "link": "https://games.above.gay/tv-static/index.html",
    "imgSrc": "https://games.above.gay/tv-static/static.png",
    "title": "TV Static"
  },
  {
    "link": "https://games.above.gay/vex3/index.html",
    "imgSrc": "https://games.above.gay/vex3/vex3.png",
    "title": "Vex 3"
  },
  {
    "link": "https://games.above.gay/vex4/index.html",
    "imgSrc": "https://games.above.gay/vex4/vex4.png",
    "title": "Vex 4"
  },
  {
    "link": "https://games.above.gay/vex5/index.html",
    "imgSrc": "https://games.above.gay/vex5/vex.jpeg",
    "title": "Vex 5"
  },
  {
    "link": "https://games.above.gay/vex6/index.html",
    "imgSrc": "https://games.above.gay/vex6/assets/icon.jpeg",
    "title": "Vex 6"
  },
  {
    "link": "https://games.above.gay/webretro-local/index.html",
    "imgSrc": "https://games.above.gay/webretro-local/assets/icon204.png",
    "title": "Web Retro Local"
  },
  {
    "link": "https://games.above.gay/wolf3d/index.html",
    "imgSrc": "https://games.above.gay/wolf3d/art/wolf3d.png",
    "title": "Wolfenstein 3D"
  },
  {
    "link": "https://games.above.gay/wordle/index.html",
    "imgSrc": "https://games.above.gay/wordle/img/logo_512x512.png",
    "title": "Wordle"
  },
  {
    "link": "https://games.above.gay/worlds-hardest-game/index.html",
    "imgSrc": "https://games.above.gay/worlds-hardest-game/images/splash.jpg",
    "title": "World's Hardest Game"
  },
  {
    "link": "https://games.above.gay/worlds-hardest-game-2/index.html",
    "imgSrc": "https://games.above.gay/worlds-hardest-game-2/the-worlds-hardest-game-2.jpg",
    "title": "World's Hardest Game 2"
  },
  {
    "link": "https://games.above.gay/you-are-bezos/index.html",
    "imgSrc": "https://games.above.gay/you-are-bezos/img/banner.png",
    "title": "You Are Jeff Bezos"
  },
  
  {
    "link": "embed.html#https://games.above.gay/celeste/index.html",
    "imgSrc": "https://games.above.gay/celeste/splash.jpg",
    "title": "Celeste"
  },
  {
    "link": "https://www.easyfun.gg/embed/roblox.html",
    "imgSrc": "https://games.above.gay/!img/roblox.png",
    "title": "Roblox"
  },
  {
    "link": "https://games.above.gay/blockblast",
    "imgSrc": "https://games.above.gay/!img/blockblast.png",
    "title": "Block Blast"
  },
  {
    "link": "embed.html#https://webosu.online",
    "imgSrc": "https://games.above.gay/!img/osu.png",
    "title": "osu!"
  },
  {
    "link": "embed.html#https://deadshot.io",
    "imgSrc": "https://games.above.gay/!img/deadshot.png",
    "title": "DEADSHOT.io"
  },
  {
    "link": "embed.html#https://makeitmeme.com",
    "imgSrc": "https://games.above.gay/!img/makeitmeme.png",
    "title": "Make it Meme"
  },
  {
    "link": "embed.html#https://selenite.cc/semag/1v1lol/index.html",
    "imgSrc": "https://games.above.gay/!img/1v1lol.png",
    "title": "1v1.LOL"
  },
  {
    "link": "embed.html#https://www.worldguessr.com",
    "imgSrc": "https://games.above.gay/!img/worldguessr.png",
    "title": "WorldGuessr"
  },
  {
    "link": "embed.html#https://nzp.gay",
    "imgSrc": "https://games.above.gay/!img/nzp.png",
    "title": "Nazi Zombies: Portable"
  },
  {
    "link": "embed.html#https://eaglymc.com/web-javascript/",
    "imgSrc": "https://games.above.gay/minecraft/splash.jpeg",
    "title": "Minecraft 1.20"
  },
  {
    "link": "embed.html#https://assets.theludos.com/games/baldis-basics",
    "imgSrc": "https://games.above.gay/!img/baldi.png",
    "title": "Baldi's Basics"
  }
]
