{
  "name": "Z-Kit Development Environment",
  "image": "mcr.microsoft.com/devcontainers/base:ubuntu", // Use a base image
  "features": {
    "ghcr.io/devcontainers/features/node:1": {
      "version": "20"
    },
    "ghcr.io/devcontainers/features/python:1": {
      "version": "3.10"
    }
  },
  "postCreateCommand": "npm install", // Or any command to set up the environment
  "customizations": {
    "vscode": {
      "settings": {
        "editor.tabSize": 2
      },
      "extensions": [
        "esbenp.prettier-vscode",
        "dbaeumer.vscode-eslint"
      ]
    }
  },
  "portsAttributes": {
    "3000": {
      "label": "Web Preview",
      "onAutoForward": "openBrowser"
    }
  }
}
